Integers,Floats,Strings
1.0,1.1,a
2.0,1.2000000000000002,b
5.777777777777778,1.3,c
4.0,1.4000000000000001,d
5.0,1.5555555555555556,e
6.0,1.6,f
7.0,1.7000000000000002,g
8.0,1.8,h
9.0,1.9,i
10.0,2.0,j
